﻿<provisioningDescription>
    <servicesDescription>
        <simpleServiceList>
            <simpleService name="Template" friendlyName="Template" providingModule="Atomia.Provisioning.Modules.CmdLocal.CmdLocal">
                <propertyList>
                    <property name="Id" friendlyName="Id of the instance, generated by module." defaultValue="123" />
                    <property name="Name" friendlyName="Instance Name" key="true" defaultValue="ChangeMe" />
                    <property name="Description" friendlyName="General description." defaultValue="Change this default description value" />                    
                    <property name="AddCmd" friendlyName="Command to be executed to add Service" defaultValue="Atomia.Provisioning.Modules.Template.exe --Add --ResourceValue %{resource[noname]} --InstanceName %{service[Name]} --InstanceDescription %{service[Description]}" required="true" />
                    <property name="RemCmd" friendlyName="Command to be executed to remove Service" defaultValue="Atomia.Provisioning.Modules.Template.exe --Remove --ResourceValue %{resource[noname]} --InstanceName %{service[Name]} --InstanceDescription %{service[Description]}" required="true" />
                    <property name="ModCmd" friendlyName="Command to be executed to modify Service" defaultValue="Atomia.Provisioning.Modules.Template.exe --Modify --ResourceValue %{resource[noname]} --InstanceName %{service[Name]} --InstanceDescription %{service[Description]}" required="true" />
                </propertyList>
            </simpleService>
        </simpleServiceList>
        <complexServiceList>
        </complexServiceList>
    </servicesDescription>
</provisioningDescription>