﻿<provisioningDescription>
  <servicesDescription>
    <simpleServiceList>
        <simpleService name="Folders" friendlyName="Folders" providingModule="Atomia.Provisioning.Modules.Folders">
            <propertyList>
                <property name="Id" friendlyName="Id of the instance, generated by module." defaultValue="123" />
                <property name="Name" friendlyName="Folder Name" key="true" defaultValue="ChangeMe" />
                <property name="Description" friendlyName="General description." defaultValue="Change this default description value" />                
            </propertyList>
            <operationList>
                <operation name="GetFullFolderPath" />
            </operationList>
        </simpleService>      
    </simpleServiceList>
  </servicesDescription>
</provisioningDescription>
