﻿<provisioningDescription>
  <servicesDescription>
    <simpleServiceList>
      <simpleService name="MyPlugin" description="Simple service for managing MyPluginServices." providingModule="Atomia.Provisioning.Modules.Template.Template">
        <propertyList>          
          <property name="InstanceId" description="Example of property." key="true" />          
        </propertyList>
      </simpleService>      
    </simpleServiceList>
  </servicesDescription>
</provisioningDescription>
